TILT,TIME
1.398908,108384
1.398891,108394
1.398924,108404
1.398907,108414
1.398847,108424
1.398794,108434
1.398818,108444
1.398843,108454
1.398886,108464
1.398888,108474
1.398927,108484
1.398921,108494
1.398988,108504
1.398998,108514
1.399041,108524
1.399053,108534
1.399037,108544
1.399054,108554
1.3991,108564
1.3991,108574
1.399064,108584
1.399095,108594
1.399123,108604
1.399085,108614
1.399029,108624
1.399037,108634
1.399007,108644
1.399032,108654
1.398963,108664
1.398976,108674
1.398993,108684
1.399082,108694
1.399099,108704
1.39915,108714
1.399136,108724
1.399113,108734
1.39909,108744
1.399069,108754
1.399104,108764
1.399103,108774
1.399125,108784
1.399155,108794
1.399185,108804
1.399224,108814
1.39921,108824
1.399184,108834
1.39916,108844
1.399167,108854
1.399195,108864
1.399231,108874
1.399179,108884
1.39923,108894
1.399216,108904
1.399251,108914
1.399246,108924
1.399251,108934
1.399247,108944
1.399256,108954
1.399276,108964
1.399265,108974
1.399265,108984
1.399279,108994
1.399217,109004
1.399199,109014
1.399188,109024
1.399242,109034
1.399253,109044
1.39924,109054
1.39928,109064
1.399313,109074
1.39926,109084
1.399251,109094
1.399241,109104
1.399282,109114
1.399243,109124
1.399307,109134
1.399347,109144
1.399328,109154
1.399299,109164
1.39933,109174
1.399265,109184
1.399271,109194
1.399286,109204
1.399321,109214
1.399323,109224
1.399343,109234
1.399298,109244
1.399218,109254
1.399216,109264
1.399184,109274
1.399177,109284
1.399159,109294
1.39915,109304
1.399146,109314
1.399088,109324
1.399046,109334
1.399038,109344
1.399008,109354
1.399022,109364
1.399035,109374
1.398991,109384
1.398994,109394
1.398972,109404
1.398964,109414
1.398918,109424
1.398927,109434
1.398927,109444
1.398942,109454
1.398923,109464
1.398894,109474
1.398854,109484
1.398812,109494
1.398841,109504
1.398845,109514
1.398935,109524
1.398987,109534
1.399001,109544
1.398923,109554
1.398917,109564
1.398886,109574
1.398885,109584
1.398872,109594
1.398817,109604
1.398753,109614
1.398821,109624
1.398811,109634
1.398842,109644
1.39881,109654
1.398819,109664
1.398827,109674
1.398821,109684
1.398866,109694
1.398865,109704
1.398889,109714
1.398903,109724
1.398871,109734
1.398922,109744
1.398865,109754
1.398903,109764
1.398922,109774
1.398955,109784
1.398955,109794
1.398896,109804
1.398871,109814
1.398879,109824
1.398936,109834
1.398945,109844
1.398887,109854
1.398921,109864
1.398911,109874
1.398959,109884
1.398987,109894
1.398995,109904
1.399109,109914
1.399078,109924
1.399138,109934
1.399156,109944
1.399152,109954
1.399117,109964
1.39911,109974
1.39914,109984
1.399094,109994
1.399073,110004
1.399102,110014
1.399137,110024
1.399124,110034
1.399074,110044
1.399019,110054
1.399025,110064
1.399061,110074
1.399118,110084
1.399177,110094
1.399235,110104
1.399183,110114
1.399221,110124
1.399203,110134
1.399144,110144
1.399153,110154
1.399126,110164
1.399144,110174
1.399137,110184
1.399131,110194
1.399085,110204
1.399098,110214
1.399094,110224
1.399109,110234
1.39917,110244
1.399153,110254
1.399099,110264
1.399087,110274
1.399009,110284
1.399028,110294
1.39909,110304
1.399039,110314
1.399007,110324
1.399028,110334
1.398984,110344
1.399041,110354
1.399083,110364
1.3991,110374
1.399027,110384
1.39897,110394
1.399015,110404
1.399069,110414
1.399112,110424
1.399093,110434
1.399104,110444
1.399023,110454
1.398999,110464
1.399011,110474
1.398998,110484
1.399032,110494
1.399052,110504
1.39908,110514
1.399074,110524
1.399034,110534
1.399013,110544
1.399035,110554
1.399086,110564
1.39912,110574
1.399125,110584
1.39915,110594
1.399135,110604
1.399135,110614
1.399162,110624
1.399172,110634
1.399153,110644
1.399115,110654
1.399107,110664
1.399162,110674
1.39917,110684
1.399126,110694
1.399143,110704
1.399148,110714
1.399157,110724
1.399229,110734
1.399208,110744
1.399255,110754
1.399233,110764
1.399177,110774
1.399126,110784
1.399197,110794
1.399255,110804
1.399287,110814
1.399257,110824
1.399264,110834
1.399253,110844
1.399198,110854
1.399186,110864
1.399171,110874
1.399198,110884
1.399286,110894
1.399272,110904
1.399268,110914
1.399262,110924
1.399277,110934
1.39925,110944
1.399245,110954
1.399281,110964
1.399223,110974
1.399192,110984
1.399213,110994
1.399261,111004
1.399231,111014
1.39921,111024
1.399238,111034
1.399255,111044
1.399266,111054
1.399211,111064
1.399198,111074
1.399155,111084
1.399127,111094
1.399062,111104
1.399027,111114
1.399055,111124
1.399074,111134
1.399152,111144
1.399152,111154
1.399149,111164
1.399124,111174
1.39909,111184
1.399152,111194
1.39919,111204
1.399245,111214
1.399233,111224
1.399254,111234
1.3992,111244
1.399265,111254
1.399313,111264
1.399295,111274
1.399346,111284
1.399297,111294
1.399277,111304
1.399292,111314
1.399278,111324
1.399317,111334
1.399297,111344
1.399284,111354
1.399271,111364
1.399259,111374
1.3993,111384
1.399291,111394
1.399297,111404
1.399261,111414
1.399222,111424
1.399192,111434
1.399174,111444
1.399227,111454
1.399186,111464
1.399173,111474
1.399175,111484
1.399184,111494
1.399209,111504
1.399219,111514
1.399227,111524
1.399289,111534
1.399269,111544
1.399294,111554
1.39923,111564
1.399181,111574
1.399209,111584
1.399235,111594
1.399249,111604
1.399222,111614
1.399262,111624
1.399271,111634
1.399315,111644
1.399379,111654
1.399367,111664
1.399386,111674
1.399333,111684
1.399346,111694
1.39936,111704
1.399379,111714
1.399426,111724
1.399448,111734
1.39947,111744
1.399475,111754
1.399411,111764
1.399391,111774
1.399356,111784
1.399363,111794
1.399295,111804
1.39929,111814
1.399281,111824
1.399314,111834
1.399379,111844
1.399385,111854
1.399402,111864
1.399347,111874
1.399362,111884
1.399351,111894
1.39934,111904
1.399354,111914
1.399403,111924
1.399373,111934
1.39928,111944
1.399265,111954
1.399238,111964
1.399281,111974
1.399242,111984
1.399281,111994
1.399299,112004
1.399333,112014
1.399371,112024
1.399384,112034
1.399384,112044
1.39944,112054
1.399362,112064
1.399403,112074
1.399396,112084
1.399423,112094
1.3994,112104
1.399422,112114
1.399432,112124
1.399453,112134
1.399416,112144
1.399408,112154
1.399459,112164
1.399478,112174
1.399462,112184
1.399451,112194
1.399403,112204
1.399396,112214
1.399403,112224
1.399349,112234
1.399322,112244
1.399377,112254
1.399319,112264
1.399333,112274
1.399381,112284
1.399337,112294
1.399382,112304
1.399278,112314
1.399332,112324
1.399367,112334
1.399316,112344
1.39942,112354
1.399401,112364
1.399369,112374
1.399369,112384
1.399305,112394
1.399366,112404
1.399349,112414
1.39938,112424
1.399361,112434
1.399332,112444
1.399305,112454
1.399342,112464
1.399389,112474
1.399353,112484
1.39946,112494
1.399493,112504
1.399485,112514
1.39951,112524
1.399521,112534
1.399495,112544
1.399533,112554
1.399606,112564
1.399574,112574
1.399519,112584
1.399491,112594
1.399471,112604
1.398815,112614
1.400628,112624
1.399005,112634
1.399241,112644
1.39949,112654
1.398375,112664
1.399209,112674
1.397587,112684
1.397638,112694
1.395991,112704
1.39596,112714
1.394189,112724
1.394029,112734
1.395196,112744
1.394971,112754
1.393417,112764
1.390586,112774
1.387151,112784
1.383538,112794
1.377559,112804
1.368647,112814
1.358669,112824
1.34641,112834
1.332594,112844
1.31829,112854
1.303069,112864
1.286912,112874
1.269502,112884
1.250069,112894
1.229052,112904
1.207419,112914
1.182405,112924
1.155574,112934
1.125818,112944
1.093732,112954
1.05991,112964
1.023886,112974
0.986169,112984
0.947119,112994
0.907691,113004
0.871676,113014
0.833239,113024
0.7962,113034
0.756728,113044
0.717202,113054
0.677735,113064
0.638968,113074
0.601899,113084
0.566166,113094
0.532089,113104
0.499256,113114
0.467384,113124
0.436263,113134
0.405072,113144
0.375434,113154
0.350648,113164
0.328057,113174
0.306222,113184
0.280765,113194
0.256871,113204
0.233284,113214
0.208542,113224
0.1842,113234
0.161202,113244
0.141063,113254
0.122657,113264
0.105848,113274
0.090331,113284
0.075392,113294
0.06162,113304
0.047235,113314
0.031158,113324
0.015861,113334
0.001056,113344
-0.012695,113354
-0.025761,113364
-0.03816,113374
-0.049977,113384
-0.061321,113394
-0.072911,113404
-0.084756,113414
-0.09644,113424
-0.10782,113434
-0.118633,113444
-0.128206,113454
-0.137289,113464
-0.146211,113474
-0.155891,113484
-0.166582,113494
-0.177555,113504
-0.187948,113514
-0.197276,113524
-0.20588,113534
-0.21401,113544
-0.221771,113554
-0.22954,113564
-0.237496,113574
-0.246171,113584
-0.255547,113594
-0.26561,113604
-0.27618,113614
-0.287338,113624
-0.299199,113634
-0.311442,113644
-0.323777,113654
-0.336492,113664
-0.349565,113674
-0.362664,113684
-0.372669,113694
-0.37949,113704
-0.39004,113714
-0.400167,113724
-0.410521,113734
-0.421065,113744
-0.43177,113754
-0.442013,113764
-0.451655,113774
-0.460867,113784
-0.4699,113794
-0.478704,113804
-0.48695,113814
-0.4946,113824
-0.502087,113834
-0.509147,113844
-0.515573,113854
-0.521317,113864
-0.52659,113874
-0.531378,113884
-0.535825,113894
-0.539812,113904
-0.543182,113914
-0.545836,113924
-0.54804,113934
-0.549888,113944
-0.551505,113954
-0.553063,113964
-0.554799,113974
-0.556405,113984
-0.557809,113994
-0.558993,114004
-0.560153,114014
-0.561098,114024
-0.561766,114034
-0.562379,114044
-0.563023,114054
-0.563688,114064
-0.564726,114074
-0.565916,114084
-0.56718,114094
-0.568623,114104
-0.569725,114114
-0.570978,114124
-0.572315,114134
-0.573289,114144
-0.574792,114154
-0.576373,114164
-0.577881,114174
-0.579253,114184
-0.580836,114194
-0.582416,114204
-0.584462,114214
-0.586732,114224
-0.589046,114234
-0.59162,114244
-0.594023,114254
-0.596167,114264
-0.598084,114274
-0.599676,114284
-0.601754,114294
-0.604526,114304
-0.607725,114314
-0.610632,114324
-0.613065,114334
-0.614993,114344
-0.616483,114354
-0.618083,114364
-0.61976,114374
-0.621236,114384
-0.622171,114394
-0.622601,114404
-0.622422,114414
-0.621925,114424
-0.621381,114434
-0.620725,114444
-0.61996,114454
-0.619312,114464
-0.618585,114474
-0.61765,114484
-0.616217,114494
-0.614027,114504
-0.611765,114514
-0.609603,114524
-0.607655,114534
-0.605714,114544
-0.603512,114554
-0.600824,114564
-0.597559,114574
-0.593308,114584
-0.588482,114594
-0.583543,114604
-0.578633,114614
-0.574505,114624
-0.570793,114634
-0.566593,114644
-0.561592,114654
-0.557147,114664
-0.551458,114674
-0.545885,114684
-0.540268,114694
-0.535266,114704
-0.530915,114714
-0.52702,114724
-0.523243,114734
-0.519135,114744
-0.515967,114754
-0.513523,114764
-0.51182,114774
-0.510222,114784
-0.508561,114794
-0.506871,114804
-0.50522,114814
-0.504008,114824
-0.503128,114834
-0.502682,114844
-0.501795,114854
-0.500501,114864
-0.49937,114874
-0.498469,114884
-0.498189,114894
-0.498122,114904
-0.498983,114914
-0.499903,114924
-0.500985,114934
-0.5024,114944
-0.503927,114954
-0.505401,114964
-0.507014,114974
-0.509114,114984
-0.511399,114994
-0.514355,115004
-0.517487,115014
-0.520666,115024
-0.523817,115034
-0.527195,115044
-0.530357,115054
-0.533445,115064
-0.536073,115074
-0.537712,115084
-0.538282,115094
-0.538755,115104
-0.53936,115114
-0.539903,115124
-0.540129,115134
-0.540009,115144
-0.53993,115154
-0.539788,115164
-0.539399,115174
-0.538677,115184
-0.537499,115194
-0.536026,115204
-0.534258,115214
-0.532555,115224
-0.531104,115234
-0.530177,115244
-0.529542,115254
-0.528694,115264
-0.527577,115274
-0.526501,115284
-0.525689,115294
-0.525157,115304
-0.525025,115314
-0.525267,115324
-0.525619,115334
-0.525603,115344
-0.525127,115354
-0.524419,115364
-0.523942,115374
-0.523598,115384
-0.523342,115394
-0.523496,115404
-0.523893,115414
-0.524164,115424
-0.524287,115434
-0.523912,115444
-0.522873,115454
-0.521754,115464
-0.520481,115474
-0.519431,115484
-0.518697,115494
-0.518146,115504
-0.51737,115514
-0.51635,115524
-0.51509,115534
-0.513374,115544
-0.5113,115554
-0.509275,115564
-0.507471,115574
-0.506036,115584
-0.504826,115594
-0.503773,115604
-0.502875,115614
-0.502172,115624
-0.501427,115634
-0.500356,115644
-0.499108,115654
-0.497862,115664
-0.496991,115674
-0.496552,115684
-0.496561,115694
-0.496796,115704
-0.497093,115714
-0.497362,115724
-0.497646,115734
-0.497605,115744
-0.497714,115754
-0.497401,115764
-0.497126,115774
-0.497239,115784
-0.497748,115794
-0.498396,115804
-0.499134,115814
-0.499762,115824
-0.499728,115834
-0.499293,115844
-0.498796,115854
-0.498665,115864
-0.498806,115874
-0.498935,115884
-0.499123,115894
-0.499346,115904
-0.499485,115914
-0.499488,115924
-0.499545,115934
-0.499464,115944
-0.499333,115954
-0.499255,115964
-0.498922,115974
-0.498596,115984
-0.498344,115994
-0.498123,116004
-0.498086,116014
-0.498245,116024
-0.498429,116034
-0.498725,116044
-0.49909,116054
-0.499573,116064
-0.500319,116074
-0.501321,116084
-0.502428,116094
-0.503442,116104
-0.50418,116114
-0.50481,116124
-0.50538,116134
-0.506028,116144
-0.506599,116154
-0.507438,116164
-0.508449,116174
-0.509592,116184
-0.511117,116194
-0.512818,116204
-0.514092,116214
-0.514192,116224
-0.513498,116234
-0.5126,116244
-0.511738,116254
-0.510995,116264
-0.510518,116274
-0.510411,116284
-0.510495,116294
-0.51083,116304
-0.51138,116314
-0.51224,116324
-0.513232,116334
-0.51432,116344
-0.515259,116354
-0.516302,116364
-0.517433,116374
-0.518425,116384
-0.519119,116394
-0.51938,116404
-0.519101,116414
-0.518009,116424
-0.516185,116434
-0.514153,116444
-0.511952,116454
-0.509629,116464
-0.507485,116474
-0.505768,116484
-0.504537,116494
-0.503709,116504
-0.503067,116514
-0.502529,116524
-0.502165,116534
-0.501691,116544
-0.501253,116554
-0.500811,116564
-0.500613,116574
-0.500655,116584
-0.500937,116594
-0.501349,116604
-0.501751,116614
-0.502449,116624
-0.503153,116634
-0.503991,116644
-0.504902,116654
-0.505683,116664
-0.506146,116674
-0.506383,116684
-0.506854,116694
-0.50806,116704
-0.509514,116714
-0.510578,116724
-0.511562,116734
-0.512373,116744
-0.512828,116754
-0.513145,116764
-0.513389,116774
-0.513431,116784
-0.513043,116794
-0.512426,116804
-0.511951,116814
-0.511714,116824
-0.511535,116834
-0.511346,116844
-0.511018,116854
-0.510357,116864
-0.50942,116874
-0.50799,116884
-0.506548,116894
-0.504944,116904
-0.503269,116914
-0.501895,116924
-0.500822,116934
-0.499918,116944
-0.499109,116954
-0.498356,116964
-0.497779,116974
-0.497448,116984
-0.497285,116994
-0.4972,117004
-0.496927,117014
-0.496597,117024
-0.496112,117034
-0.495443,117044
-0.495086,117054
-0.494505,117064
-0.493908,117074
-0.493574,117084
-0.493641,117094
-0.494087,117104
-0.494917,117114
-0.495706,117124
-0.496765,117134
-0.497856,117144
-0.499342,117154
-0.50048,117164
-0.501317,117174
-0.502065,117184
-0.503034,117194
-0.504193,117204
-0.505042,117214
-0.505884,117224
-0.506276,117234
-0.506673,117244
-0.507141,117254
-0.507181,117264
-0.506719,117274
-0.506167,117284
-0.505181,117294
-0.503722,117304
-0.502013,117314
-0.500519,117324
-0.499432,117334
-0.498439,117344
-0.497353,117354
-0.496858,117364
-0.496891,117374
-0.497144,117384
-0.497417,117394
-0.497653,117404
-0.497759,117414
-0.497913,117424
-0.497916,117434
-0.497654,117444
-0.49718,117454
-0.496566,117464
-0.496047,117474
-0.495607,117484
-0.495465,117494
-0.495495,117504
-0.497189,117514
-0.497772,117524
-0.501277,117534
-0.491163,117544
-0.489942,117554
-0.482198,117564
-0.479742,117574
-0.475434,117584
-0.471066,117594
-0.464127,117604
-0.459293,117614
-0.454847,117624
-0.450864,117634
-0.445455,117644
-0.440151,117654
-0.430693,117664
-0.422162,117674
-0.407738,117684
-0.400222,117694
-0.387397,117704
-0.376083,117714
-0.364077,117724
-0.349197,117734
-0.335867,117744
-0.318013,117754
-0.303977,117764
-0.283547,117774
-0.265091,117784
-0.246077,117794
-0.221941,117804
-0.202523,117814
-0.178713,117824
-0.155512,117834
-0.134796,117844
-0.111502,117854
-0.088124,117864
-0.068943,117874
-0.047191,117884
-0.0255,117894
-0.009259,117904
0.014267,117914
0.042998,117924
0.063431,117934
0.084325,117944
0.103102,117954
0.122104,117964
0.142509,117974
0.157781,117984
0.169908,117994
0.194006,118004
0.211081,118014
0.226818,118024
0.243284,118034
0.268631,118044
0.293388,118054
0.306111,118064
0.311363,118074
0.315232,118084
0.324412,118094
0.335596,118104
0.34271,118114
0.344189,118124
0.344752,118134
0.347848,118144
0.350971,118154
0.350021,118164
0.346277,118174
0.343373,118184
0.33979,118194
0.335007,118204
0.329443,118214
0.322323,118224
0.313662,118234
0.304177,118244
0.29257,118254
0.279147,118264
0.265295,118274
0.251429,118284
0.234946,118294
0.217866,118304
0.200176,118314
0.18102,118324
0.161409,118334
0.141237,118344
0.119309,118354
0.098143,118364
0.076336,118374
0.054082,118384
0.030241,118394
0.006522,118404
-0.015966,118414
-0.038382,118424
-0.059429,118434
-0.076191,118444
-0.090156,118454
-0.103272,118464
-0.116034,118474
-0.129949,118484
-0.141988,118494
-0.152847,118504
-0.162205,118514
-0.170946,118524
-0.179619,118534
-0.188116,118544
-0.195581,118554
-0.201466,118564
-0.205312,118574
-0.208456,118584
-0.211302,118594
-0.212131,118604
-0.212926,118614
-0.212907,118624
-0.210445,118634
-0.207825,118644
-0.205651,118654
-0.201466,118664
-0.197376,118674
-0.193834,118684
-0.188219,118694
-0.180905,118704
-0.173906,118714
-0.16503,118724
-0.155481,118734
-0.145545,118744
-0.134365,118754
-0.122457,118764
-0.10834,118774
-0.093184,118784
-0.077659,118794
-0.061775,118804
-0.043773,118814
-0.024897,118824
-0.00558,118834
0.014262,118844
0.032113,118854
0.047597,118864
0.058552,118874
0.065041,118884
0.071593,118894
0.078453,118904
0.084032,118914
0.088954,118924
0.091519,118934
0.091926,118944
0.09363,118954
0.09547,118964
0.095166,118974
0.091391,118984
0.085852,118994
0.081296,119004
0.076692,119014
0.070787,119024
0.062787,119034
0.053065,119044
0.042755,119054
0.032345,119064
0.021306,119074
0.008492,119084
-0.005136,119094
-0.015334,119104
-0.021352,119114
-0.024733,119124
-0.027843,119134
-0.031961,119144
-0.033987,119154
-0.031246,119164
-0.028615,119174
-0.026726,119184
-0.023957,119194
-0.017006,119204
-0.009142,119214
-0.002309,119224
0.001737,119234
0.005112,119244
0.009846,119254
0.015493,119264
0.01942,119274
0.020288,119284
0.018219,119294
0.018485,119304
0.020134,119314
0.022028,119324
0.019572,119334
0.014216,119344
0.011645,119354
0.010509,119364
0.00992,119374
0.006876,119384
0.001342,119394
-0.002049,119404
-0.003946,119414
-0.005194,119424
-0.007253,119434
-0.010118,119444
-0.011103,119454
-0.00973,119464
-0.007883,119474
-0.00931,119484
-0.012412,119494
-0.01095,119504
-0.006149,119514
-0.003329,119524
-0.004869,119534
-0.006404,119544
-0.005206,119554
-0.000499,119564
0.004272,119574
0.003313,119584
0.000601,119594
0.001338,119604
0.004596,119614
0.008942,119624
0.009785,119634
0.005836,119644
0.003382,119654
0.005208,119664
0.008347,119674
0.007698,119684
0.003208,119694
0.000338,119704
0.002243,119714
0.004022,119724
0.003275,119734
3.3e-05,119744
-0.00222,119754
-0.000786,119764
0.000963,119774
0.000352,119784
-0.001632,119794
-0.003114,119804
-0.001926,119814
-0.000771,119824
-0.000492,119834
-0.001572,119844
-0.002405,119854
-0.000923,119864
0.001105,119874
0.001845,119884
0.001127,119894
0.001033,119904
0.001801,119914
0.003798,119924
0.00492,119934
0.004018,119944
0.002002,119954
0.00182,119964
0.004396,119974
0.006839,119984
0.006645,119994
0.003815,120004
0.00195,120014
0.003084,120024
0.004966,120034
0.005265,120044
0.003244,120054
0.002368,120064
0.002933,120074
0.004654,120084
0.004788,120094
0.003036,120104
0.001559,120114
0.002648,120124
0.003805,120134
0.003866,120144
0.00231,120154
0.001381,120164
0.002159,120174
0.005119,120184
0.00609,120194
0.004708,120204
0.002946,120214
0.004329,120224
0.007708,120234
0.008762,120244
0.006733,120254
0.004536,120264
0.005321,120274
0.007819,120284
0.00827,120294
0.006454,120304
0.00462,120314
0.00591,120324
0.008542,120334
0.009177,120344
0.008189,120354
0.006194,120364
0.006038,120374
0.006343,120384
0.007884,120394
0.008293,120404
0.006403,120414
0.00363,120424
0.002787,120434
0.005208,120444
0.007469,120454
0.007388,120464
0.004642,120474
0.003712,120484
0.005859,120494
0.008805,120504
0.008851,120514
0.006274,120524
0.005382,120534
0.006925,120544
0.008405,120554
0.008783,120564
0.007448,120574
0.006134,120584
0.005616,120594
0.00671,120604
0.007675,120614
0.006981,120624
0.004565,120634
0.002038,120644
0.002282,120654
0.00465,120664
0.006503,120674
0.004839,120684
0.001537,120694
0.002439,120704
0.006285,120714
0.008505,120724
0.007518,120734
0.004187,120744
0.003095,120754
0.006232,120764
0.010592,120774
0.012198,120784
0.00813,120794
0.004502,120804
0.005075,120814
0.009457,120824
0.012929,120834
0.011725,120844
0.007752,120854
0.005546,120864
0.009154,120874
0.015093,120884
0.016287,120894
0.013042,120904
0.009899,120914
0.012402,120924
0.017463,120934
0.020189,120944
0.016685,120954
0.010925,120964
0.007932,120974
0.010662,120984
0.013826,120994
0.012653,121004
0.00654,121014
0.001244,121024
0.002523,121034
0.00703,121044
0.008012,121054
0.002367,121064
-0.00427,121074
-0.003995,121084
0.000631,121094
0.003492,121104
9e-05,121114
-0.003973,121124
-0.002497,121134
0.00313,121144
0.006272,121154
0.003065,121164
-0.001118,121174
0.000184,121184
0.005285,121194
0.007796,121204
0.006198,121214
0.002977,121224
0.001764,121234
0.002822,121244
0.005311,121254
0.00469,121264
0.001251,121274
-0.000773,121284
-0.001173,121294
0.000521,121304
0.0008,121314
-0.000903,121324
-0.003809,121334
-0.00597,121344
-0.005445,121354
-0.004325,121364
-0.003938,121374
-0.00386,121384
-0.004988,121394
-0.005545,121404
-0.004013,121414
-0.001086,121424
0.000232,121434
-0.000879,121444
-0.003577,121454
-0.003317,121464
-0.000693,121474
0.000517,121484
-0.001321,121494
-0.0045,121504
-0.005957,121514
-0.005904,121524
-0.003926,121534
-0.003105,121544
-0.005065,121554
-0.006897,121564
-0.006238,121574
-0.004556,121584
-0.003471,121594
-0.002822,121604
-0.003728,121614
-0.004692,121624
-0.004108,121634
-0.003802,121644
-0.003572,121654
-0.004212,121664
-0.005506,121674
-0.007477,121684
-0.008439,121694
-0.008394,121704
-0.008239,121714
-0.010148,121724
-0.013859,121734
-0.017096,121744
-0.016669,121754
-0.015126,121764
-0.015489,121774
-0.017391,121784
-0.020233,121794
-0.020057,121804
-0.017862,121814
-0.015775,121824
-0.016704,121834
-0.019,121844
-0.017896,121854
-0.014257,121864
-0.011746,121874
-0.011345,121884
-0.013015,121894
-0.01277,121904
-0.010161,121914
-0.006361,121924
-0.004606,121934
-0.005898,121944
-0.008656,121954
-0.009064,121964
-0.005608,121974
-0.001817,121984
-0.003873,121994
-0.008446,122004
-0.010865,122014
-0.008331,122024
-0.004211,122034
-0.004068,122044
-0.009224,122054
-0.012651,122064
-0.009433,122074
-0.004906,122084
-0.003418,122094
-0.005856,122104
-0.00903,122114
-0.008193,122124
-0.003505,122134
0.000738,122144
-0.000473,122154
-0.004628,122164
-0.00524,122174
-0.00047,122184
0.005086,122194
0.0053,122204
0.000585,122214
-0.002487,122224
0.000501,122234
0.00633,122244
0.008749,122254
0.005275,122264
-2.6e-05,122274
7e-05,122284
0.005304,122294
0.009181,122304
0.007385,122314
0.001919,122324
-0.000652,122334
0.002904,122344
0.007087,122354
0.006823,122364
0.001903,122374
-0.000913,122384
0.001474,122394
0.006177,122404
0.00654,122414
0.001782,122424
-0.002019,122434
0.000554,122444
0.005355,122454
0.007708,122464
0.004246,122474
0.000601,122484
0.002047,122494
0.007559,122504
0.011193,122514
0.008547,122524
0.004377,122534
0.003658,122544
0.007273,122554
0.010671,122564
0.01103,122574
0.007229,122584
0.003632,122594
0.003974,122604
0.00703,122614
0.00935,122624
0.006858,122634
0.002336,122644
0.000842,122654
0.004598,122664
0.008768,122674
0.0085,122684
0.003305,122694
0.00015,122704
0.002988,122714
0.008496,122724
0.010111,122734
0.006787,122744
0.00269,122754
0.003336,122764
0.007048,122774
0.011155,122784
0.011172,122794
0.005635,122804
0.002763,122814
0.005747,122824
0.010226,122834
0.010578,122844
0.007897,122854
0.004674,122864
0.004396,122874
0.008004,122884
0.01065,122894
0.008534,122904
0.004177,122914
0.003966,122924
0.00809,122934
0.012565,122944
0.012159,122954
0.008507,122964
0.007095,122974
0.010011,122984
0.015256,122994
0.017494,123004
0.012404,123014
0.007425,123024
0.007952,123034
0.012862,123044
0.015967,123054
0.013181,123064
0.006838,123074
0.004963,123084
0.008561,123094
0.011939,123104
0.011202,123114
0.006768,123124
0.003313,123134
0.003377,123144
0.006948,123154
0.008987,123164
0.00627,123174
0.00114,123184
-0.001392,123194
0.000939,123204
0.005109,123214
0.006402,123224
0.002206,123234
-0.002521,123244
-0.000958,123254
0.004531,123264
0.007923,123274
0.003304,123284
-0.002681,123294
-0.000617,123304
0.005186,123314
0.00722,123324
0.003219,123334
-0.000788,123344
0.000789,123354
0.004653,123364
0.004661,123374
0.000447,123384
-0.003349,123394
-0.001013,123404
0.00413,123414
0.005189,123424
0.000621,123434
-0.003118,123444
-0.002074,123454
0.002833,123464
0.005577,123474
0.001398,123484
-0.003157,123494
-0.002203,123504
0.002281,123514
0.005415,123524
0.003988,123534
0.000242,123544
-0.001903,123554
-0.000169,123564
0.003791,123574
0.005603,123584
0.002659,123594
-0.00122,123604
-0.002633,123614
0.000776,123624
0.003103,123634
0.001466,123644
-0.001766,123654
-0.002738,123664
0.000381,123674
0.005113,123684
0.00562,123694
0.002268,123704
0.000107,123714
0.001832,123724
0.003437,123734
0.001954,123744
-0.002895,123754
-0.008618,123764
-0.012608,123774
-0.014004,123784
-0.014805,123794
-0.019013,123804
-0.024639,123814
-0.028679,123824
-0.028975,123834
-0.027746,123844
-0.027895,123854
-0.02946,123864
-0.031169,123874
-0.03074,123884
-0.027516,123894
-0.024736,123904
-0.023033,123914
-0.023178,123924
-0.021925,123934
-0.018847,123944
-0.014791,123954
-0.013559,123964
-0.014897,123974
-0.016069,123984
-0.015485,123994
-0.013855,124004
-0.013277,124014
-0.014047,124024
-0.01554,124034
-0.014869,124044
-0.013456,124054
-0.011919,124064
-0.011199,124074
-0.011624,124084
-0.011402,124094
-0.010937,124104
-0.010372,124114
-0.00977,124124
-0.007409,124134
-0.006773,124144
-0.008747,124154
-0.009752,124164
-0.008527,124174
-0.006923,124184
-0.006776,124194
-0.006593,124204
-0.006119,124214
-0.004987,124224
-0.004154,124234
-0.003181,124244
-0.003202,124254
-0.002369,124264
-0.002814,124274
-0.002112,124284
-0.000469,124294
0.000849,124304
0.00091,124314
0.000262,124324
0.000114,124334
0.00123,124344
0.002778,124354
0.005228,124364
0.005396,124374
0.00376,124384
0.001906,124394
0.003779,124404
0.007049,124414
0.007049,124424
0.003015,124434
-0.000235,124444
0.001607,124454
0.005719,124464
0.007899,124474
0.004761,124484
0.000893,124494
0.001668,124504
0.005,124514
0.007706,124524
0.007603,124534
0.00411,124544
0.002175,124554
0.004171,124564
0.008287,124574
0.00911,124584
0.007643,124594
0.005227,124604
0.005386,124614
0.008238,124624
0.009896,124634
0.009714,124644
0.008202,124654
0.007276,124664
0.007881,124674
0.008253,124684
0.009332,124694
0.009928,124704
0.008924,124714
0.008747,124724
0.0088,124734
0.010437,124744
0.012053,124754
0.011288,124764
0.009442,124774
0.008026,124784
0.01037,124794
0.012859,124804
0.013161,124814
0.011016,124824
0.009217,124834
0.009655,124844
0.011138,124854
0.013318,124864
0.012564,124874
0.009298,124884
0.00689,124894
0.009313,124904
0.013479,124914
0.014681,124924
0.010386,124934
0.0068,124944
0.009539,124954
0.015097,124964
0.016688,124974
0.013877,124984
0.010835,124994
0.011753,125004
0.014784,125014
0.017662,125024
0.017586,125034
0.014492,125044
0.012327,125054
0.012941,125064
0.016199,125074
0.01764,125084
0.014707,125094
0.009906,125104
0.009364,125114
0.012743,125124
0.016691,125134
0.015274,125144
0.011087,125154
0.010796,125164
0.015674,125174
0.021708,125184
0.023752,125194
0.020225,125204
0.01742,125214
0.019412,125224
0.02411,125234
0.027145,125244
0.024412,125254
0.018309,125264
0.014825,125274
0.016012,125284
0.019822,125294
0.019523,125304
0.013358,125314
0.006801,125324
0.00632,125334
0.009998,125344
0.01347,125354
0.011735,125364
0.007194,125374
0.00411,125384
0.006044,125394
0.010935,125404
0.014269,125414
0.010985,125424
0.006551,125434
0.005373,125444
0.004915,125454
0.002587,125464
-0.003128,125474
-0.010399,125484
-0.015674,125494
-0.017573,125504
-0.019534,125514
-0.02338,125524
-0.029703,125534
-0.034676,125544
-0.036599,125554
-0.034699,125564
-0.032586,125574
-0.032925,125584
-0.033244,125594
-0.032889,125604
-0.03027,125614
-0.026201,125624
-0.023256,125634
-0.022312,125644
-0.020571,125654
-0.018537,125664
-0.016783,125674
-0.013648,125684
-0.012252,125694
-0.013612,125704
-0.014967,125714
-0.014293,125724
-0.013396,125734
-0.013915,125744
-0.015927,125754
-0.018428,125764
-0.019111,125774
-0.018849,125784
-0.019384,125794
-0.021217,125804
-0.023307,125814
-0.02403,125824
-0.023277,125834
-0.022933,125844
-0.022968,125854
-0.024121,125864
-0.023936,125874
-0.022707,125884
-0.01997,125894
-0.019105,125904
-0.018791,125914
-0.019101,125924
-0.017182,125934
-0.014265,125944
-0.012533,125954
-0.013173,125964
-0.013271,125974
-0.012137,125984
-0.010136,125994
-0.009163,126004
-0.009993,126014
-0.011411,126024
-0.012478,126034
-0.011757,126044
-0.010587,126054
-0.009382,126064
-0.01066,126074
-0.011457,126084
-0.01175,126094
-0.010816,126104
-0.009087,126114
-0.007734,126124
-0.009991,126134
-0.011979,126144
-0.009685,126154
-0.005529,126164
-0.003533,126174
-0.004907,126184
-0.006812,126194
-0.006369,126204
-0.002219,126214
0.003174,126224
0.003902,126234
0.000585,126244
-0.001931,126254
0.001646,126264
0.00755,126274
0.009089,126284
0.003686,126294
-0.000314,126304
0.001984,126314
0.006698,126324
0.009278,126334
0.006673,126344
0.001507,126354
0.000136,126364
0.003884,126374
0.008988,126384
0.008531,126394
0.004612,126404
0.00169,126414
0.002799,126424
0.006927,126434
0.010416,126444
0.008796,126454
0.005169,126464
0.004419,126474
0.006653,126484
0.010875,126494
0.011671,126504
0.008715,126514
0.00491,126524
0.005716,126534
0.010397,126544
0.014004,126554
0.012443,126564
0.007403,126574
0.006332,126584
0.009459,126594
0.013613,126604
0.014119,126614
0.010948,126624
0.007319,126634
0.008233,126644
0.012005,126654
0.015159,126664
0.013663,126674
0.009696,126684
0.008685,126694
0.012233,126704
0.016252,126714
0.015165,126724
0.010994,126734
0.009295,126744
0.010914,126754
0.013512,126764
0.015392,126774
0.015411,126784
0.012267,126794
0.010509,126804
0.012068,126814
0.016695,126824
0.018071,126834
0.014797,126844
0.012217,126854
0.01393,126864
0.017509,126874
0.017836,126884
0.01525,126894
0.012871,126904
0.013705,126914
0.016832,126924
0.020611,126934
0.02164,126944
0.020175,126954
0.019398,126964
0.021475,126974
0.025715,126984
0.027093,126994
0.02425,127004
0.020044,127014
0.018526,127024
0.019928,127034
0.020736,127044
0.017765,127054
0.011377,127064
0.007451,127074
0.008626,127084
0.011569,127094
0.011085,127104
0.005583,127114
0.001146,127124
0.002775,127134
0.005896,127144
0.006032,127154
0.001671,127164
-0.002191,127174
-0.000473,127184
0.003698,127194
0.004654,127204
0.000439,127214
-0.002897,127224
-0.000112,127234
0.004081,127244
0.004184,127254
0.000577,127264
-0.002524,127274
-0.000953,127284
0.002505,127294
0.002635,127304
-0.001439,127314
-0.004662,127324
-0.004,127334
-0.001615,127344
-0.000604,127354
-0.003374,127364
-0.007682,127374
-0.00818,127384
-0.004851,127394
-0.002004,127404
-0.00396,127414
-0.007819,127424
-0.009034,127434
-0.006344,127444
-0.0027,127454
-0.001318,127464
-0.004165,127474
-0.006924,127484
-0.005717,127494
-0.001658,127504
0.001105,127514
-0.001232,127524
-0.005653,127534
-0.007032,127544
-0.003243,127554
0.001026,127564
0.000777,127574
-0.003329,127584
-0.006423,127594
-0.004757,127604
7.4e-05,127614
0.001391,127624
-0.00342,127634
-0.006782,127644
-0.004257,127654
-0.000534,127664
0.000423,127674
-0.002392,127684
-0.005267,127694
-0.005012,127704
-0.001885,127714
0.000525,127724
-0.001333,127734
-0.00501,127744
-0.00594,127754
-0.003077,127764
-0.00017,127774
-0.00107,127784
-0.005058,127794
-0.006193,127804
-0.003873,127814
-0.001537,127824
-0.000694,127834
-0.001983,127844
-0.003033,127854
-0.002109,127864
-0.000623,127874
0.000568,127884
0.001017,127894
0.000188,127904
-0.000689,127914
-0.00024,127924
0.001729,127934
0.002793,127944
0.001121,127954
-0.000112,127964
0.001009,127974
0.003452,127984
0.004723,127994
0.002793,128004
-0.000319,128014
-0.000645,128024
0.002436,128034
0.005888,128044
0.004266,128054
-0.001273,128064
-0.002978,128074
0.001101,128084
0.00617,128094
0.003689,128104
-0.003829,128114
-0.004879,128124
0.000977,128134
0.007568,128144
0.005141,128154
-0.002541,128164
-0.004682,128174
0.0008,128184
0.007095,128194
0.006721,128204
0.000148,128214
-0.003306,128224
0.000861,128234
0.007361,128244
0.00826,128254
0.000965,128264
-0.003719,128274
0.000479,128284
0.007273,128294
0.008651,128304
0.001217,128314
-0.004265,128324
0.000544,128334
0.007706,128344
0.00745,128354
-0.000204,128364
-0.002418,128374
0.002442,128384
0.007217,128394
0.004052,128404
-0.002137,128414
-0.002183,128424
0.003037,128434
0.006349,128444
0.001937,128454
-0.004824,128464
-0.0039,128474
0.001586,128484
0.004071,128494
-0.00113,128504
-0.007565,128514
-0.007148,128524
-0.002372,128534
0.00172,128544
-1.7e-05,128554
-0.004526,128564
-0.005808,128574
-0.002917,128584
0.000808,128594
0.001208,128604
-0.00245,128614
-0.004484,128624
-0.002505,128634
0.000913,128644
0.001233,128654
-0.001918,128664
-0.00415,128674
-0.002608,128684
0.001156,128694
0.001697,128704
-0.001345,128714
-0.00447,128724
-0.002608,128734
0.001767,128744
0.002214,128754
-0.001858,128764
-0.003888,128774
-0.001548,128784
0.001327,128794
0.000349,128804
-0.002983,128814
-0.003081,128824
-0.000328,128834
0.000299,128844
-0.001448,128854
-0.002317,128864
-0.001813,128874
-0.000448,128884
0.000105,128894
-0.0006,128904
-0.000775,128914
-0.000195,128924
0.000895,128934
0.001269,128944
0.000394,128954
-0.000318,128964
-0.000108,128974
0.001419,128984
0.002159,128994
0.001857,129004
0.000706,129014
0.000498,129024
0.001599,129034
0.002344,129044
0.001205,129054
-0.000594,129064
-0.000157,129074
0.001523,129084
0.001861,129094
0.000193,129104
-0.000948,129114
0.000713,129124
0.002587,129134
0.001979,129144
-0.000375,129154
-0.000881,129164
0.000707,129174
0.0014,129184
-0.000531,129194
-0.002181,129204
-0.000693,129214
0.001104,129224
0.000747,129234
-0.001775,129244
-0.002436,129254
-0.000595,129264
0.00085,129274
0.000431,129284
-0.000271,129294
-0.000358,129304
0.001095,129314
0.002472,129324
0.002255,129334
0.000462,129344
-7.4e-05,129354
0.001343,129364
0.002638,129374
0.002563,129384
0.000936,129394
0.000351,129404
0.001126,129414
0.001026,129424
3.5e-05,129434
-0.000908,129444
-0.000643,129454
-0.00014,129464
-0.000834,129474
-0.00147,129484
-0.002038,129494
-0.000818,129504
1.2e-05,129514
-0.000814,129524
-0.00203,129534
-0.001869,129544
-0.001343,129554
-0.000115,129564
3.2e-05,129574
-0.000817,129584
-0.001763,129594
-0.001602,129604
0.000385,129614
0.001237,129624
0.000419,129634
-0.00091,129644
-0.000619,129654
0.001277,129664
0.002733,129674
0.001954,129684
-0.000137,129694
-0.000708,129704
0.001455,129714
0.003112,129724
0.00164,129734
-0.001756,129744
-0.001517,129754
0.001707,129764
0.003048,129774
-9.8e-05,129784
-0.002192,129794
-3.7e-05,129804
0.00267,129814
0.001889,129824
-0.001446,129834
-0.001967,129844
0.001228,129854
0.002503,129864
-0.000563,129874
-0.002536,129884
-0.000469,129894
0.002645,129904
0.002057,129914
-0.00156,129924
-0.00201,129934
0.000542,129944
0.001354,129954
-0.000672,129964
-0.002271,129974
-0.000912,129984
0.00147,129994
0.000613,130004
-0.002027,130014
-0.001937,130024
0.001013,130034
0.002729,130044
0.001013,130054
-0.001828,130064
-0.001051,130074
0.001755,130084
0.001811,130094
-0.001297,130104
-0.00238,130114
0.00066,130124
0.002941,130134
0.000862,130144
-0.002575,130154
-0.001694,130164
0.001888,130174
0.002722,130184
-0.000673,130194
-0.003229,130204
-0.000773,130214
0.003072,130224
0.002595,130234
-0.002234,130244
-0.003724,130254
0.000247,130264
0.003858,130274
0.002189,130284
-0.003574,130294
-0.003848,130304
0.001596,130314
0.006031,130324
0.002135,130334
-0.004547,130344
-0.003322,130354
0.003602,130364
0.006589,130374
0.000818,130384
-0.004619,130394
-0.000732,130404
0.004726,130414
0.004949,130424
-0.000461,130434
-0.003534,130444
-0.001341,130454
0.002155,130464
0.002042,130474
-0.000519,130484
-0.00022,130494
0.002273,130504
0.00392,130514
0.004506,130524
0.005794,130534
0.008998,130544
0.011535,130554
0.011008,130564
0.010863,130574
0.010854,130584
0.010827,130594
0.010326,130604
0.006216,130614
0.000264,130624
-0.002763,130634
-0.003321,130644
-0.004657,130654
-0.008319,130664
-0.014688,130674
-0.01883,130684
-0.018786,130694
-0.016827,130704
-0.016339,130714
-0.01944,130724
-0.022655,130734
-0.021593,130744
-0.015846,130754
-0.011487,130764
-0.012223,130774
-0.014628,130784
-0.013454,130794
-0.006959,130804
-0.000586,130814
-0.00105,130824
-0.005449,130834
-0.004988,130844
-0.000336,130854
0.00385,130864
0.003351,130874
-1.9e-05,130884
-0.002657,130894
-0.001527,130904
0.002469,130914
0.00353,130924
-0.000484,130934
-0.00589,130944
-0.006839,130954
-0.003689,130964
-0.001725,130974
-0.005339,130984
-0.009775,130994
-0.010847,131004
-0.006289,131014
-0.002464,131024
-0.005177,131034
-0.011057,131044
-0.011436,131054
-0.006596,131064
-0.001758,131074
-0.002195,131084
-0.006453,131094
-0.007471,131104
-0.002555,131114
0.003782,131124
0.003682,131134
-0.000895,131144
-0.003903,131154
-0.000364,131164
0.007324,131174
0.010454,131184
0.004341,131194
-0.002314,131204
-0.001128,131214
0.005924,131224
0.01129,131234
0.005619,131244
-0.003323,131254
-0.003799,131264
0.002906,131274
0.008826,131284
0.005942,131294
-0.003768,131304
-0.00716,131314
-0.001589,131324
0.006438,131334
0.007293,131344
-0.002456,131354
-0.008507,131364
-0.00377,131374
0.004311,131384
0.008045,131394
0.004567,131404
-0.001202,131414
0.000802,131424
0.007501,131434
0.012842,131444
0.009785,131454
0.003672,131464
0.001525,131474
0.006007,131484
0.012421,131494
0.011722,131504
0.002737,131514
-0.004156,131524
-0.00066,131534
0.006117,131544
0.006376,131554
-0.001049,131564
-0.006863,131574
-0.0035,131584
0.003652,131594
0.005992,131604
-0.001582,131614
-0.007981,131624
-0.004218,131634
0.004403,131644
0.007581,131654
0.00036,131664
-0.0062,131674
-0.002521,131684
0.006361,131694
0.011482,131704
0.005619,131714
-0.00247,131724
-0.001117,131734
0.007109,131744
0.014208,131754
0.0088,131764
-0.000763,131774
-0.00022,131784
0.007036,131794
0.01097,131804
0.004148,131814
-0.004643,131824
-0.005485,131834
0.001906,131844
0.007452,131854
0.001755,131864
-0.008715,131874
-0.009699,131884
-0.002594,131894
0.004254,131904
0.001112,131914
-0.007388,131924
-0.009546,131934
-0.004092,131944
0.003209,131954
0.00308,131964
-0.004433,131974
-0.008623,131984
-0.004345,131994
0.00381,132004
0.005038,132014
-0.002509,132024
-0.008086,132034
-0.004287,132044
0.003677,132054
0.006112,132064
-9.1e-05,132074
-0.00595,132084
-0.003813,132094
0.003105,132104
0.005968,132114
-0.000329,132124
-0.006804,132134
-0.00405,132144
0.003282,132154
0.004811,132164
-0.002842,132174
-0.007546,132184
-0.003423,132194
0.002705,132204
0.001585,132214
-0.004109,132224
-0.004309,132234
0.000342,132244
0.003371,132254
0.000982,132264
-0.003078,132274
-0.001228,132284
0.00321,132294
0.003864,132304
-0.0008,132314
-0.002489,132324
0.001386,132334
0.004792,132344
0.002217,132354
-0.000625,132364
-0.000309,132374
0.001836,132384
0.001913,132394
-0.000619,132404
-0.002155,132414
-0.001082,132424
-0.00025,132434
-0.001053,132444
-0.002599,132454
-0.002677,132464
-0.001673,132474
-0.00201,132484
-0.002909,132494
-0.001907,132504
-0.0002,132514
-0.000587,132524
-0.001897,132534
-0.001983,132544
7.4e-05,132554
0.002652,132564
0.003038,132574
0.00095,132584
-0.000366,132594
0.000777,132604
0.003227,132614
0.003941,132624
0.001872,132634
-0.000303,132644
0.00011,132654
0.002252,132664
0.002803,132674
0.001249,132684
-0.000882,132694
-0.000199,132704
0.001972,132714
0.002484,132724
0.000475,132734
-0.001686,132744
-0.000807,132754
0.002343,132764
0.003122,132774
-0.000113,132784
-0.002424,132794
-0.00041,132804
0.002999,132814
0.003013,132824
-0.001338,132834
-0.002854,132844
0.00082,132854
0.00406,132864
0.002387,132874
-0.00211,132884
-0.002182,132894
0.002455,132904
0.004912,132914
0.000994,132924
-0.00143,132934
0.000171,132944
0.003241,132954
0.002485,132964
-0.00082,132974
-0.002346,132984
1.6e-05,132994
0.002546,133004
0.001406,133014
-0.002365,133024
-0.003637,133034
-0.000942,133044
0.001993,133054
0.000514,133064
-0.003083,133074
-0.004108,133084
-0.000583,133094
0.002452,133104
-0.000352,133114
-0.004568,133124
-0.004394,133134
-8.9e-05,133144
0.000437,133154
-0.002683,133164
-0.003189,133174
-0.000181,133184
0.002093,133194
0.000277,133204
-0.004114,133214
-0.00205,133224
0.005243,133234
0.01315,133244
0.018328,133254
0.023636,133264
0.028128,133274
0.031487,133284
0.034619,133294
0.03844,133304
0.041646,133314
0.042161,133324
0.039265,133334
0.034547,133344
0.031395,133354
0.028131,133364
0.023318,133374
0.014366,133384
0.003889,133394
-0.005844,133404
-0.01518,133414
-0.023951,133424
-0.031862,133434
-0.038769,133444
-0.043875,133454
-0.047017,133464
-0.048746,133474
-0.049046,133484
-0.048666,133494
-0.047973,133504
-0.045944,133514
-0.042574,133524
-0.037881,133534
-0.034181,133544
-0.028683,133554
-0.02287,133564
-0.017375,133574
-0.012024,133584
-0.006798,133594
-0.002642,133604
-1.329128e-07,133614
0.000591,133624
0.002464,133634
0.004361,133644
0.004428,133654
0.001675,133664
-0.002545,133674
-0.004212,133684
-0.003812,133694
-0.005991,133704
-0.009289,133714
-0.013098,133724
-0.016019,133734
-0.016606,133744
-0.016438,133754
-0.017882,133764
-0.020787,133774
-0.021863,133784
-0.019135,133794
-0.015674,133804
-0.014713,133814
-0.015357,133824
-0.015965,133834
-0.012566,133844
-0.006554,133854
-0.003517,133864
-0.004016,133874
-0.00486,133884
-0.002888,133894
0.002527,133904
0.006492,133914
0.004832,133924
0.001473,133934
0.001539,133944
0.00605,133954
0.010268,133964
0.009066,133974
0.002544,133984
-0.000772,133994
0.00184,134004
0.006921,134014
0.007975,134024
0.002316,134034
-0.0024,134044
-0.000994,134054
0.005347,134064
0.008208,134074
0.003551,134084
-0.001532,134094
-0.000725,134104
0.004749,134114
0.008708,134124
0.007604,134134
0.003055,134144
-4e-05,134154
0.003106,134164
0.009282,134174
0.011178,134184
0.008185,134194
0.004222,134204
0.004557,134214
0.008761,134224
0.012772,134234
0.012061,134244
0.006726,134254
0.004386,134264
0.006584,134274
0.010752,134284
0.012011,134294
0.007966,134304
0.004519,134314
0.0052,134324
0.010057,134334
0.013159,134344
0.00955,134354
0.004936,134364
0.004093,134374
0.009092,134384
0.013916,134394
0.012854,134404
0.00821,134414
0.005028,134424
0.008724,134434
0.01503,134444
0.016612,134454
0.011819,134464
0.006368,134474
0.008446,134484
0.01361,134494
0.015675,134504
0.011769,134514
0.007228,134524
0.008255,134534
0.013065,134544
0.015871,134554
0.011783,134564
0.007217,134574
0.007579,134584
0.011928,134594
0.01536,134604
0.012506,134614
0.008216,134624
0.007974,134634
0.011565,134644
0.015197,134654
0.013575,134664
0.009228,134674
0.008333,134684
0.010775,134694
0.015035,134704
0.014486,134714
0.009928,134724
0.007768,134734
0.010339,134744
0.014611,134754
0.014921,134764
0.011013,134774
0.007624,134784
0.009653,134794
0.013764,134804
0.014925,134814
0.011336,134824
0.005856,134834
0.004989,134844
0.008693,134854
0.012243,134864
0.009792,134874
0.003974,134884
0.001345,134894
0.004611,134904
0.009574,134914
0.010799,134924
0.006993,134934
0.003743,134944
0.005851,134954
0.01099,134964
0.014094,134974
0.010234,134984
0.004548,134994
0.004607,135004
0.008654,135014
0.012231,135024
0.009635,135034
0.003738,135044
0.001396,135054
0.005132,135064
0.009589,135074
0.009624,135084
0.004441,135094
-0.000539,135104
0.001802,135114
0.007523,135124
0.009646,135134
0.004702,135144
-0.001201,135154
0.000192,135164
0.006052,135174
0.010816,135184
0.008065,135194
0.001324,135204
-0.001454,135214
0.002699,135224
0.009245,135234
0.010609,135244
0.003542,135254
-0.00262,135264
7.3e-05,135274
0.00678,135284
0.010546,135294
0.004541,135304
-0.001798,135314
-0.00078,135324
0.005489,135334
0.01058,135344
0.006728,135354
-0.001443,135364
-0.002846,135374
0.002689,135384
0.009546,135394
0.008622,135404
0.000364,135414
-0.004458,135424
-0.0006,135434
0.006023,135444
0.00759,135454
0.00232,135464
-0.00333,135474
-0.002338,135484
0.003062,135494
0.006342,135504
0.004207,135514
-0.000949,135524
-0.002201,135534
0.001433,135544
0.005795,135554
0.006335,135564
0.001881,135574
-0.00177,135584
-1.5e-05,135594
0.00442,135604
0.005709,135614
0.001762,135624
-0.002692,135634
-0.001085,135644
0.003643,135654
0.0059,135664
0.001448,135674
-0.002338,135684
-0.000758,135694
0.003249,135704
0.004116,135714
0.001528,135724
-0.000146,135734
-7.3e-05,135744
0.001048,135754
0.00137,135764
0.000478,135774
-0.001123,135784
-0.001882,135794
-0.001239,135804
-8.2e-05,135814
-0.000422,135824
-0.001584,135834
-0.002217,135844
-0.001065,135854
0.000786,135864
0.000214,135874
-0.001837,135884
-0.002691,135894
-0.001276,135904
0.000495,135914
-0.00075,135924
-0.002734,135934
-0.003082,135944
-0.001849,135954
-0.001002,135964
-0.00091,135974
-0.000775,135984
-0.000566,135994
0.000281,136004
0.000634,136014
0.000988,136024
0.000981,136034
0.001386,136044
0.00145,136054
0.001244,136064
0.001167,136074
0.000995,136084
0.000971,136094
0.001131,136104
0.000789,136114
0.000787,136124
0.000281,136134
0.000271,136144
-0.000165,136154
-0.000281,136164
5.6e-05,136174
-0.000395,136184
-0.00102,136194
-0.001124,136204
-0.000805,136214
-0.000512,136224
0.000149,136234
0.00053,136244
0.000224,136254
-0.000588,136264
-0.001038,136274
-0.000626,136284
0.000458,136294
0.001598,136304
0.001553,136314
1.9e-05,136324
-0.000915,136334
0.000117,136344
0.002341,136354
0.002955,136364
0.001237,136374
-0.000806,136384
-0.000735,136394
0.001548,136404
0.002862,136414
0.002054,136424
-0.00036,136434
-0.001262,136444
0.00027,136454
0.002872,136464
0.002152,136474
-0.00138,136484
-0.002434,136494
0.000611,136504
0.003494,136514
0.003577,136524
0.000148,136534
-0.003138,136544
-0.000676,136554
0.004687,136564
0.00602,136574
0.001003,136584
-0.004196,136594
-0.001838,136604
0.004482,136614
0.00818,136624
0.003018,136634
-0.003498,136644
-0.00335,136654
0.002729,136664
0.007425,136674
0.005373,136684
-0.000461,136694
-0.002325,136704
0.001759,136714
0.007725,136724
0.007197,136734
0.000709,136744
-0.002782,136754
0.000645,136764
0.007238,136774
0.009533,136784
0.002907,136794
-0.003685,136804
-0.002793,136814
0.003586,136824
0.009421,136834
0.006823,136844
-0.001529,136854
-0.004208,136864
0.000347,136874
0.008026,136884
0.010154,136894
0.003201,136904
-0.004477,136914
-0.001884,136924
-0.001473,136934
-0.006309,136944
-0.012367,136954
-0.016429,136964
-0.011461,136974
-0.004665,136984
0.003023,136994
0.009901,137004
0.016556,137014
0.013931,137024
0.017614,137034
0.021224,137044
0.026337,137054
0.03033,137064
0.040488,137074
0.052016,137084
0.063085,137094
0.071063,137104
0.07761,137114
0.08384,137124
0.090838,137134
0.096211,137144
0.102795,137154
0.106677,137164
0.106278,137174
0.10543,137184
0.10503,137194
0.105711,137204
0.104626,137214
0.099466,137224
0.093041,137234
0.086618,137244
0.079023,137254
0.069695,137264
0.058565,137274
0.046804,137284
0.033451,137294
0.018259,137304
0.001569,137314
-0.015706,137324
-0.034607,137334
-0.051401,137344
-0.06287,137354
-0.07121,137364
-0.07862,137374
-0.087449,137384
-0.096942,137394
-0.103516,137404
-0.107223,137414
-0.111152,137424
-0.114725,137434
-0.117372,137444
-0.119424,137454
-0.120137,137464
-0.119329,137474
-0.118786,137484
-0.117135,137494
-0.114469,137504
-0.11145,137514
-0.107703,137524
-0.104466,137534
-0.100331,137544
-0.093202,137554
-0.084837,137564
-0.07726,137574
-0.069777,137584
-0.061306,137594
-0.050996,137604
-0.039273,137614
-0.026275,137624
-0.013097,137634
-0.001075,137644
0.0127,137654
0.026929,137664
0.037162,137674
0.04276,137684
0.045385,137694
0.048072,137704
0.051515,137714
0.054828,137724
0.055078,137734
0.051518,137744
0.046251,137754
0.043145,137764
0.04117,137774
0.034957,137784
0.024535,137794
0.015306,137804
0.008979,137814
0.003642,137824
-0.002676,137834
-0.010845,137844
-0.017782,137854
-0.020782,137864
-0.020865,137874
-0.020439,137884
-0.019488,137894
-0.018823,137904
-0.017998,137914
-0.014522,137924
-0.008351,137934
-0.002452,137944
8.8e-05,137954
0.002197,137964
0.005873,137974
0.012257,137984
0.017241,137994
0.019513,138004
0.018469,138014
0.018903,138024
0.020962,138034
0.022297,138044
0.021282,138054
0.017188,138064
0.014498,138074
0.013696,138084
0.012827,138094
0.011903,138104
0.008965,138114
0.005114,138124
0.002826,138134
0.003493,138144
0.004598,138154
-0.004247,138164
-0.016707,138174
-0.032246,138184
-0.040235,138194
-0.043701,138204
-0.041651,138214
-0.039403,138224
-0.034666,138234
-0.033547,138244
-0.02654,138254
-0.021452,138264
-0.014816,138274
-0.003896,138284
0.003915,138294
0.010761,138304
0.016179,138314
0.022832,138324
0.033381,138334
0.048924,138344
0.061557,138354
0.07485,138364
0.084561,138374
0.093523,138384
0.105804,138394
0.125481,138404
0.140891,138414
0.152996,138424
0.169284,138434
0.17136,138444
0.183105,138454
0.183006,138464
0.197132,138474
0.200206,138484
0.209167,138494
0.221406,138504
0.231736,138514
0.233804,138524
0.238891,138534
0.246409,138544
0.253322,138554
0.258297,138564
0.261455,138574
0.262409,138584
0.261422,138594
0.261233,138604
0.2614,138614
0.25997,138624
0.255921,138634
0.248422,138644
0.241397,138654
0.234437,138664
0.225138,138674
0.214419,138684
0.202404,138694
0.189636,138704
0.176345,138714
0.16115,138724
0.144858,138734
0.127253,138744
0.108833,138754
0.090302,138764
0.069676,138774
0.047857,138784
0.028571,138794
0.012501,138804
-0.003016,138814
-0.020633,138824
-0.040725,138834
-0.05949,138844
-0.07402,138854
-0.087327,138864
-0.097908,138874
-0.107542,138884
-0.115363,138894
-0.121862,138904
-0.127476,138914
-0.130695,138924
-0.133062,138934
-0.134041,138944
-0.135309,138954
-0.137517,138964
-0.138807,138974
-0.139642,138984
-0.13854,138994
-0.136261,139004
-0.132797,139014
-0.129446,139024
-0.124831,139034
-0.119216,139044
-0.113335,139054
-0.10641,139064
-0.09802,139074
-0.088918,139084
-0.080777,139094
-0.072828,139104
-0.061913,139114
-0.048601,139124
-0.0354,139134
-0.022655,139144
-0.010896,139154
0.004008,139164
0.018051,139174
0.028421,139184
0.032173,139194
0.034482,139204
0.037545,139214
0.04075,139224
0.041683,139234
0.039664,139244
0.035766,139254
0.032402,139264
0.027913,139274
0.021572,139284
0.012788,139294
0.0036,139304
-0.002972,139314
-0.00743,139324
-0.012323,139334
-0.017361,139344
-0.020807,139354
-0.022544,139364
-0.023017,139374
-0.022686,139384
-0.02195,139394
-0.020562,139404
-0.018623,139414
-0.016404,139424
-0.01235,139434
-0.008376,139444
-0.004906,139454
-0.003657,139464
-0.001828,139474
0.001805,139484
0.006944,139494
0.0112,139504
0.010634,139514
0.008269,139524
0.008086,139534
0.011006,139544
0.013859,139554
0.011732,139564
0.007111,139574
0.005283,139584
0.006555,139594
0.008169,139604
0.005603,139614
0.001095,139624
-0.001948,139634
-0.00104,139644
0.001769,139654
0.001055,139664
-0.002133,139674
-0.004817,139684
-0.002987,139694
0.000258,139704
0.003137,139714
0.00364,139724
0.00181,139734
0.001028,139744
0.002928,139754
0.006405,139764
0.00876,139774
0.006865,139784
0.004441,139794
0.004609,139804
0.007848,139814
0.010195,139824
0.008529,139834
0.005103,139844
0.003779,139854
0.005779,139864
0.008613,139874
0.008597,139884
0.005328,139894
0.002488,139904
0.002451,139914
0.005064,139924
0.007659,139934
0.006082,139944
0.002354,139954
8.5e-05,139964
0.001898,139974
0.005615,139984
0.007674,139994
0.004877,140004
0.001217,140014
0.001621,140024
0.004838,140034
0.007727,140044
0.006327,140054
0.002292,140064
0.001392,140074
0.004328,140084
0.008376,140094
0.009208,140104
0.005885,140114
0.003159,140124
0.00397,140134
0.007712,140144
0.011234,140154
0.009282,140164
0.004574,140174
0.002836,140184
0.005542,140194
0.010023,140204
0.009544,140214
0.004067,140224
-0.000674,140234
0.001691,140244
0.007088,140254
0.00948,140264
0.004869,140274
-0.001704,140284
-0.000938,140294
0.005515,140304
0.010043,140314
0.007045,140324
0.000306,140334
-0.001865,140344
0.00383,140354
0.010366,140364
0.009902,140374
0.003317,140384
-0.000672,140394
0.003633,140404
0.01054,140414
0.011466,140424
0.00482,140434
-2e-05,140444
0.002467,140454
0.008431,140464
0.011893,140474
0.007061,140484
0.002043,140494
0.003988,140504
0.011206,140514
0.016915,140524
0.021323,140534
0.023329,140544
0.025265,140554
0.030225,140564
0.035933,140574
0.039552,140584
0.040881,140594
0.041493,140604
0.044458,140614
0.046314,140624
0.04443,140634
0.041501,140644
0.036581,140654
0.030556,140664
0.025844,140674
0.019732,140684
0.009021,140694
-0.002046,140704
-0.013305,140714
-0.023582,140724
-0.031379,140734
-0.03774,140744
-0.043245,140754
-0.04846,140764
-0.051468,140774
-0.051921,140784
-0.050966,140794
-0.049434,140804
-0.048472,140814
-0.045796,140824
-0.041238,140834
-0.034938,140844
-0.029841,140854
-0.024909,140864
-0.01872,140874
-0.012223,140884
-0.006345,140894
-0.002411,140904
0.000607,140914
0.002102,140924
0.002593,140934
0.00154,140944
0.001613,140954
0.001019,140964
-0.001436,140974
-0.004578,140984
-0.007793,140994
-0.010552,141004
-0.012851,141014
-0.015485,141024
-0.01681,141034
-0.018241,141044
-0.021068,141054
-0.021927,141064
-0.021851,141074
-0.021456,141084
-0.019853,141094
-0.01922,141104
-0.018071,141114
-0.016641,141124
-0.014492,141134
-0.010397,141144
-0.007152,141154
-0.006463,141164
-0.006617,141174
-0.006422,141184
-0.003641,141194
-0.001328,141204
-0.000786,141214
-0.001649,141224
-0.001794,141234
-4.5e-05,141244
0.001965,141254
0.001596,141264
-0.002029,141274
-0.004061,141284
-0.002469,141294
0.000511,141304
0.001061,141314
-0.001736,141324
-0.005604,141334
-0.005533,141344
-0.001132,141354
0.001994,141364
0.000291,141374
-0.003473,141384
-0.004309,141394
-0.00159,141404
0.00238,141414
0.004596,141424
0.002208,141434
-0.000333,141444
0.000782,141454
0.004688,141464
0.008943,141474
0.007473,141484
0.002605,141494
0.001087,141504
0.004346,141514
0.008755,141524
0.008276,141534
0.005273,141544
0.002738,141554
0.003692,141564
0.005386,141574
0.006184,141584
0.003873,141594
0.000431,141604
-0.000554,141614
0.002515,141624
0.005864,141634
0.005222,141644
0.002155,141654
0.001643,141664
0.004426,141674
0.008716,141684
0.010409,141694
0.007,141704
0.003995,141714
0.005678,141724
0.01072,141734
0.013857,141744
0.010883,141754
0.006255,141764
0.005041,141774
0.009046,141784
0.01437,141794
0.014111,141804
0.008619,141814
0.004693,141824
0.006463,141834
0.011493,141844
0.015114,141854
0.011137,141864
0.005016,141874
0.004477,141884
0.009085,141894
0.014137,141904
0.013861,141914
0.007278,141924
0.002888,141934
0.005857,141944
0.011896,141954
0.016051,141964
0.01159,141974
0.004574,141984
0.003161,141994
0.008599,142004
0.015348,142014
0.015387,142024
0.008742,142034
0.003312,142044
0.005477,142054
0.012793,142064
0.017508,142074
0.013009,142084
0.005356,142094
0.003188,142104
0.008281,142114
0.015817,142124
0.01547,142134
0.008152,142144
0.004356,142154
0.006715,142164
0.015269,142174
0.023331,142184
0.024441,142194
0.024992,142204
0.030382,142214
0.040614,142224
0.048945,142234
0.0515,142244
0.054786,142254
0.060463,142264
0.067263,142274
0.071305,142284
0.072984,142294
0.074149,142304
0.074481,142314
0.074299,142324
0.072562,142334
0.070802,142344
0.066327,142354
0.060531,142364
0.055241,142374
0.048815,142384
0.040017,142394
0.029087,142404
0.016069,142414
0.002818,142424
-0.012214,142434
-0.027347,142444
-0.041372,142454
-0.052586,142464
-0.060171,142474
-0.067099,142484
-0.073142,142494
-0.078675,142504
-0.08299,142514
-0.08577,142524
-0.088071,142534
-0.088843,142544
-0.089303,142554
-0.089284,142564
-0.091816,142574
-0.094353,142584
-0.098617,142594
-0.095679,142604
-0.091667,142614
-0.086979,142624
-0.081501,142634
-0.072835,142644
-0.062678,142654
-0.055442,142664
-0.050224,142674
-0.040623,142684
-0.027333,142694
-0.014338,142704
-0.003984,142714
0.004293,142724
0.01301,142734
0.02201,142744
0.028735,142754
0.030941,142764
0.029385,142774
0.029159,142784
0.030015,142794
0.028361,142804
0.026067,142814
0.019645,142824
0.011319,142834
0.006649,142844
0.004738,142854
0.000915,142864
-0.008298,142874
-0.017047,142884
-0.021318,142894
-0.0212,142904
-0.021522,142914
-0.023445,142924
-0.025895,142934
-0.0256,142944
-0.022882,142954
-0.019842,142964
-0.016881,142974
-0.01293,142984
-0.008504,142994
-0.002944,143004
0.00103,143014
0.003008,143024
0.00523,143034
0.008682,143044
0.01203,143054
0.014226,143064
0.01503,143074
0.013667,143084
0.013632,143094
0.013771,143104
0.014123,143114
0.011314,143124
0.007436,143134
0.005589,143144
0.004704,143154
0.004015,143164
0.00172,143174
-0.000791,143184
-0.002711,143194
-0.002247,143204
-0.000989,143214
-0.0014,143224
-0.002514,143234
-0.002304,143244
0.000449,143254
0.002719,143264
0.003263,143274
0.002963,143284
0.003186,143294
0.006067,143304
0.009971,143314
0.010596,143324
0.008388,143334
0.006498,143344
0.008315,143354
0.012212,143364
0.014292,143374
0.01122,143384
0.006351,143394
0.005533,143404
0.008849,143414
0.012553,143424
0.011698,143434
0.006218,143444
0.002828,143454
0.004977,143464
0.009832,143474
0.012658,143484
0.008792,143494
0.003059,143504
0.00296,143514
0.007904,143524
0.013175,143534
0.012847,143544
0.007301,143554
0.003826,143564
0.00685,143574
0.012943,143584
0.016784,143594
0.012816,143604
0.006562,143614
0.004994,143624
0.01084,143634
0.016769,143644
0.015904,143654
0.008774,143664
0.003529,143674
0.006408,143684
0.013108,143694
0.016545,143704
0.011873,143714
0.004092,143724
0.003092,143734
0.009342,143744
0.015618,143754
0.014275,143764
0.006504,143774
0.00197,143784
0.007318,143794
0.014491,143804
0.017104,143814
0.014284,143824
0.012589,143834
0.019774,143844
0.033742,143854
0.043832,143864
0.045332,143874
0.046843,143884
0.052396,143894
0.062335,143904
0.072976,143914
0.076095,143924
0.073708,143934
0.073672,143944
0.079892,143954
0.084175,143964
0.082173,143974
0.07692,143984
0.073702,143994
0.072771,144004
0.070476,144014
0.064284,144024
0.055314,144034
0.046422,144044
0.03919,144054
0.030412,144064
0.019197,144074
0.005237,144084
-0.008102,144094
-0.021034,144104
-0.033148,144114
-0.0453,144124
-0.054532,144134
-0.061145,144144
-0.066068,144154
-0.069912,144164
-0.073971,144174
-0.077509,144184
-0.078712,144194
-0.07786,144204
-0.076519,144214
-0.075078,144224
-0.073675,144234
-0.071127,144244
-0.06616,144254
-0.061357,144264
-0.056085,144274
-0.049888,144284
-0.043053,144294
-0.034381,144304
-0.024042,144314
-0.013846,144324
-0.005993,144334
6.115896e-06,144344
0.005527,144354
0.010707,144364
0.015092,144374
0.016652,144384
0.014639,144394
0.01193,144404
0.009593,144414
0.00852,144424
0.006146,144434
0.000225,144444
-0.006592,144454
-0.011488,144464
-0.015538,144474
-0.01689,144484
-0.01977,144494
-0.022535,144504
-0.025012,144514
-0.025817,144524
-0.025638,144534
-0.023151,144544
-0.021194,144554
-0.019578,144564
-0.018011,144574
-0.016272,144584
-0.013621,144594
-0.008332,144604
-0.004134,144614
-0.001983,144624
-0.002991,144634
-0.00137,144644
0.003341,144654
0.006847,144664
0.006817,144674
0.004205,144684
0.001647,144694
0.004278,144704
0.009081,144714
0.009399,144724
0.004243,144734
-0.001303,144744
-0.001489,144754
0.001965,144764
0.005017,144774
0.00319,144784
-0.002632,144794
-0.005334,144804
-0.002273,144814
0.002386,144824
0.005569,144834
0.002622,144844
-0.002241,144854
-0.002782,144864
0.002319,144874
0.007672,144884
0.007073,144894
0.00243,144904
0.000644,144914
0.00397,144924
0.009318,144934
0.0104,144944
0.006178,144954
0.002992,144964
0.005822,144974
0.010598,144984
0.011942,144994
0.007926,145004
0.002804,145014
0.003493,145024
0.009104,145034
0.012337,145044
0.008968,145054
0.002914,145064
0.00283,145074
0.008044,145084
0.013241,145094
0.011575,145104
0.005342,145114
0.002166,145124
0.006455,145134
0.012922,145144
0.014639,145154
0.009031,145164
0.003754,145174
0.005337,145184
0.01126,145194
0.014718,145204
0.011868,145214
0.006398,145224
0.005703,145234
0.009682,145244
0.013145,145254
0.012257,145264
0.008729,145274
0.007219,145284
0.009701,145294
0.013864,145304
0.016687,145314
0.013916,145324
0.009787,145334
0.008341,145344
0.01186,145354
0.01598,145364
0.015441,145374
0.010551,145384
0.007295,145394
0.009433,145404
0.012757,145414
0.013408,145424
0.009531,145434
0.007262,145444
0.008992,145454
0.012643,145464
0.014107,145474
0.012934,145484
0.010015,145494
0.009429,145504
0.011298,145514
0.014571,145524
0.014969,145534
0.012432,145544
0.009503,145554
0.010119,145564
0.013189,145574
0.014833,145584
0.012659,145594
0.009318,145604
0.009347,145614
0.012209,145624
0.014636,145634
0.013768,145644
0.011,145654
0.010059,145664
0.011846,145674
0.014271,145684
0.01493,145694
0.012595,145704
0.009969,145714
0.010246,145724
0.014546,145734
0.016751,145744
0.015145,145754
0.011383,145764
0.010681,145774
0.012841,145784
0.015935,145794
0.014609,145804
0.010501,145814
0.006977,145824
0.008263,145834
0.012022,145844
0.012357,145854
0.009514,145864
0.008815,145874
0.009714,145884
0.011142,145894
0.012617,145904
0.014232,145914
0.01428,145924
0.011458,145934
0.009612,145944
0.00126,145954
3.7e-05,145964
0.000929,145974
0.00811,145984
0.021476,145994
0.035403,146004
0.049457,146014
0.060129,146024
0.068658,146034
0.078907,146044
0.092291,146054
0.102832,146064
0.109806,146074
0.113357,146084
0.116049,146094
0.117841,146104
0.118887,146114
0.122669,146124
0.126952,146134
0.132004,146144
0.137565,146154
0.141607,146164
0.145368,146174
0.147699,146184
0.153686,146194
0.156014,146204
0.157199,146214
0.154865,146224
0.149116,146234
0.143836,146244
0.137151,146254
0.129763,146264
0.122148,146274
0.111109,146284
0.095919,146294
0.078318,146304
0.060224,146314
0.041244,146324
0.024059,146334
0.007039,146344
-0.008451,146354
-0.021777,146364
-0.030295,146374
-0.039196,146384
-0.044588,146394
-0.048759,146404
-0.053008,146414
-0.058173,146424
-0.062286,146434
-0.062919,146444
-0.059611,146454
-0.055501,146464
-0.050146,146474
-0.042982,146484
-0.034623,146494
-0.025097,146504
-0.014393,146514
-0.002991,146524
0.009019,146534
0.021812,146544
0.034532,146554
0.047993,146564
0.061945,146574
0.076233,146584
0.091132,146594
0.105515,146604
0.119144,146614
0.133107,146624
0.144447,146634
0.150078,146644
0.154793,146654
0.161255,146664
0.16558,146674
0.16963,146684
0.172258,146694
0.175096,146704
0.177255,146714
0.178724,146724
0.180073,146734
0.181088,146744
0.181862,146754
0.182196,146764
0.182424,146774
0.182771,146784
0.182816,146794
0.182627,146804
0.182239,146814
0.181478,146824
0.180595,146834
0.179565,146844
0.178249,146854
0.177056,146864
0.175756,146874
0.174234,146884
0.173072,146894
0.171931,146904
0.171331,146914
0.171308,146924
0.171574,146934
0.172743,146944
0.174442,146954
0.17698,146964
0.179481,146974
0.182999,146984
0.186224,146994
0.189951,147004
0.193595,147014
0.197527,147024
0.201651,147034
0.205646,147044
0.210214,147054
0.214449,147064
0.218744,147074
0.222237,147084
0.22552,147094
0.227885,147104
0.229851,147114
0.231287,147124
0.231548,147134
0.23169,147144
0.230677,147154
0.22937,147164
0.227177,147174
0.224635,147184
0.221482,147194
0.217798,147204
0.213659,147214
0.209079,147224
0.204555,147234
0.200013,147244
0.195421,147254
0.191179,147264
0.186694,147274
0.182964,147284
0.178925,147294
0.175432,147304
0.172035,147314
0.168831,147324
0.16587,147334
0.162958,147344
0.160928,147354
0.158561,147364
0.156523,147374
0.154367,147384
0.153069,147394
0.151086,147404
0.150311,147414
0.149238,147424
0.148276,147434
0.147381,147444
0.146355,147454
0.145338,147464
0.142574,147474
0.1393,147484
0.135786,147494
0.130023,147504
0.128171,147514
0.119259,147524
0.112539,147534
0.109586,147544
0.103103,147554
0.092894,147564
0.081451,147574
0.069472,147584
0.061558,147594
0.051547,147604
0.038077,147614
0.023785,147624
0.009714,147634
-0.004811,147644
-0.01858,147654
-0.032391,147664
-0.044773,147674
-0.056737,147684
-0.067969,147694
-0.075778,147704
-0.085016,147714
-0.092114,147724
-0.106248,147734
-0.120495,147744
-0.136402,147754
-0.149486,147764
-0.164633,147774
-0.174638,147784
-0.177185,147794
-0.176877,147804
-0.177398,147814
-0.178982,147824
-0.1788,147834
-0.177773,147844
-0.175212,147854
-0.178026,147864
-0.17936,147874
-0.175886,147884
-0.172318,147894
-0.1665,147904
-0.161654,147914
-0.157837,147924
-0.156029,147934
-0.151569,147944
-0.142114,147954
-0.132693,147964
-0.124982,147974
-0.117135,147984
-0.106489,147994
-0.092934,148004
-0.078195,148014
-0.063995,148024
-0.050827,148034
-0.034436,148044
-0.015032,148054
0.003286,148064
0.02152,148074
0.037717,148084
0.049526,148094
0.058071,148104
0.065111,148114
0.073243,148124
0.080934,148134
0.086763,148144
0.090489,148154
0.092325,148164
0.094877,148174
0.097516,148184
0.098503,148194
0.095962,148204
0.092984,148214
0.089899,148224
0.087718,148234
0.084009,148244
0.077516,148254
0.068806,148264
0.061215,148274
0.053614,148284
0.044841,148294
0.033208,148304
0.021181,148314
0.00919,148324
-0.002557,148334
-0.015108,148344
-0.025718,148354
-0.032635,148364
-0.03751,148374
-0.040989,148384
-0.043942,148394
-0.045706,148404
-0.046442,148414
-0.04447,148424
-0.041491,148434
-0.038711,148444
-0.036156,148454
-0.030168,148464
-0.023723,148474
-0.020407,148484
-0.016276,148494
-0.008895,148504
-0.000649,148514
0.003591,148524
0.003408,148534
0.005359,148544
0.009478,148554
0.014536,148564
0.015754,148574
0.011607,148584
0.008348,148594
0.008539,148604
0.0113,148614
0.010435,148624
0.00425,148634
-0.000968,148644
-0.000187,148654
0.004295,148664
0.006217,148674
0.002813,148684
-0.000537,148694
0.000675,148704
0.00413,148714
0.005933,148724
0.003786,148734
-0.001069,148744
-0.003095,148754
-0.000493,148764
0.002511,148774
0.001195,148784
-0.004212,148794
-0.005679,148804
-0.001899,148814
0.002002,148824
0.002979,148834
0.000865,148844
-0.001512,148854
4.7e-05,148864
0.003509,148874
0.006021,148884
0.003682,148894
-0.000449,148904
-0.001175,148914
0.002244,148924
0.006569,148934
0.005178,148944
-0.000536,148954
-0.003569,148964
-0.000909,148974
0.004026,148984
0.004361,148994
-0.001339,149004
-0.005125,149014
-0.001784,149024
0.004007,149034
0.005716,149044
0.001184,149054
-0.004739,149064
-0.003489,149074
0.003109,149084
0.008281,149094
0.005131,149104
-0.002684,149114
-0.00412,149124
0.001449,149134
0.008317,149144
0.008178,149154
0.002042,149164
-0.001591,149174
0.000916,149184
0.006996,149194
0.010135,149204
0.005495,149214
-0.000511,149224
-0.000393,149234
0.005117,149244
0.009018,149254
0.007176,149264
0.00177,149274
-0.001477,149284
0.001598,149294
0.006898,149304
0.007074,149314
0.001834,149324
-0.001595,149334
-0.000377,149344
0.004544,149354
0.008245,149364
0.006919,149374
0.002486,149384
-0.00014,149394
0.002913,149404
0.008146,149414
0.009142,149424
0.004041,149434
0.000413,149444
0.002601,149454
0.007917,149464
0.010761,149474
0.007962,149484
0.003018,149494
0.001984,149504
0.006288,149514
0.011765,149524
0.012032,149534
0.008548,149544
0.007973,149554
0.012573,149564
0.019058,149574
0.022578,149584
0.023487,149594
0.02432,149604
0.025859,149614
0.028182,149624
0.031658,149634
0.032657,149644
0.030846,149654
0.02785,149664
0.02374,149674
0.020877,149684
0.016436,149694
0.008719,149704
0.00044,149714
-0.007673,149724
-0.014219,149734
-0.018816,149744
-0.023075,149754
-0.027354,149764
-0.03186,149774
-0.034036,149784
-0.033927,149794
-0.032353,149804
-0.030465,149814
-0.029654,149824
-0.027634,149834
-0.023647,149844
-0.017542,149854
-0.011826,149864
-0.009043,149874
-0.007093,149884
-0.004273,149894
-0.0014,149904
0.002221,149914
0.004562,149924
0.005735,149934
0.005426,149944
0.003045,149954
0.00173,149964
0.001955,149974
0.003562,149984
0.002031,149994
-0.002942,150004
-0.006628,150014
-0.006685,150024
-0.005109,150034
-0.005854,150044
-0.009701,150054
-0.011905,150064
-0.011058,150074
-0.008227,150084
-0.008086,150094
-0.010996,150104
-0.012169,150114
-0.010438,150124
-0.005764,150134
-0.002792,150144
-0.002717,150154
-0.005368,150164
-0.004373,150174
0.001253,150184
0.006625,150194
0.005962,150204
0.001507,150214
0.000685,150224
0.004111,150234
0.008665,150244
0.008756,150254
0.004544,150264
0.002198,150274
0.003679,150284
0.006409,150294
0.007167,150304
0.003977,150314
0.000862,150324
0.00046,150334
0.002691,150344
0.004844,150354
0.00557,150364
0.002787,150374
-0.000966,150384
-0.000111,150394
0.004818,150404
0.011243,150414
0.016148,150424
0.021408,150434
0.0289,150444
0.036953,150454
0.042664,150464
0.04551,150474
0.050557,150484
0.056104,150494
0.059544,150504
0.061557,150514
0.060883,150524
0.059697,150534
0.059586,150544
0.057948,150554
0.055028,150564
0.04868,150574
0.040938,150584
0.033931,150594
0.027482,150604
0.01742,150614
0.003456,150624
-0.010666,150634
-0.023195,150644
-0.032763,150654
-0.040556,150664
-0.047266,150674
-0.053447,150684
-0.057614,150694
-0.060045,150704
-0.060825,150714
-0.061677,150724
-0.062183,150734
-0.061139,150744
-0.058554,150754
-0.054823,150764
-0.051444,150774
-0.047874,150784
-0.042526,150794
-0.034862,150804
-0.027224,150814
-0.019201,150824
-0.011377,150834
-0.006545,150844
-0.000715,150854
0.0066,150864
0.012457,150874
0.014072,150884
0.014578,150894
0.01343,150904
0.011107,150914
0.010026,150924
0.008432,150934
0.004921,150944
0.000626,150954
-0.005178,150964
-0.009955,150974
-0.012474,150984
-0.012799,150994
-0.014957,151004
-0.018796,151014
-0.021999,151024
-0.020969,151034
-0.017374,151044
-0.01548,151054
-0.01601,151064
-0.018787,151074
-0.016795,151084
-0.010917,151094
-0.004927,151104
-0.002924,151114
-0.004231,151124
-0.003123,151134
0.002126,151144
0.007498,151154
0.008879,151164
0.006457,151174
0.004702,151184
0.006395,151194
0.01043,151204
0.012413,151214
0.010444,151224
0.005439,151234
0.003562,151244
0.005664,151254
0.008137,151264
0.007287,151274
0.001506,151284
-0.002161,151294
-0.000504,151304
0.003613,151314
0.006008,151324
0.001798,151334
-0.002215,151344
-0.001729,151354
0.003666,151364
0.007102,151374
0.005243,151384
0.001378,151394
0.00026,151404
0.004249,151414
0.009081,151424
0.009897,151434
0.006297,151444
0.004226,151454
0.006315,151464
0.010514,151474
0.012416,151484
0.010056,151494
0.007102,151504
0.007834,151514
0.010831,151524
0.012529,151534
0.010287,151544
0.00712,151554
0.006038,151564
0.008736,151574
0.010839,151584
0.008985,151594
0.005058,151604
0.004147,151614
0.006245,151624
0.008874,151634
0.008551,151644
0.005041,151654
0.003345,151664
0.005429,151674
0.009088,151684
0.009844,151694
0.006911,151704
0.005093,151714
0.007521,151724
0.010653,151734
0.011763,151744
0.009562,151754
0.007991,151764
0.008026,151774
0.01213,151784
0.01744,151794
0.02262,151804
0.027136,151814
0.033938,151824
0.041532,151834
0.049557,151844
0.055499,151854
0.06098,151864
0.068618,151874
0.076599,151884
0.081022,151894
0.085379,151904
0.088561,151914
0.090554,151924
0.092914,151934
0.09395,151944
0.092951,151954
0.0894,151964
0.086924,151974
0.084463,151984
0.08021,151994
0.073364,152004
0.065655,152014
0.05823,152024
0.049819,152034
0.03958,152044
0.027587,152054
0.014057,152064
0.000444,152074
-0.01529,152084
-0.03053,152094
-0.043701,152104
-0.053092,152114
-0.05957,152124
-0.065327,152134
-0.070983,152144
-0.076209,152154
-0.080103,152164
-0.081425,152174
-0.081842,152184
-0.082477,152194
-0.082477,152204
-0.081635,152214
-0.078573,152224
-0.074894,152234
-0.071794,152244
-0.068469,152254
-0.062893,152264
-0.054882,152274
-0.047248,152284
-0.039891,152294
-0.031735,152304
-0.023431,152314
-0.012221,152324
-9.931427e-06,152334
0.007846,152344
0.010472,152354
0.013377,152364
0.01798,152374
0.023084,152384
0.025051,152394
0.022245,152404
0.016082,152414
0.011233,152424
0.009255,152434
0.00852,152444
0.004958,152454
-0.004204,152464
-0.013542,152474
-0.017228,152484
-0.01598,152494
-0.016075,152504
-0.019708,152514
-0.024886,152524
-0.025477,152534
-0.021736,152544
-0.016981,152554
-0.015842,152564
-0.01601,152574
-0.01452,152584
-0.008928,152594
-0.002682,152604
0.00154,152614
0.002003,152624
0.001935,152634
0.003898,152644
0.008721,152654
0.013858,152664
0.014066,152674
0.010335,152684
0.007833,152694
0.009349,152704
0.011715,152714
0.010727,152724
0.006217,152734
0.002286,152744
0.002406,152754
0.005046,152764
0.005501,152774
0.001411,152784
-0.003823,152794
-0.003621,152804
-0.000235,152814
0.002074,152824
-0.000263,152834
-0.002918,152844
-0.001877,152854
0.002156,152864
0.005213,152874
0.004414,152884
0.002522,152894
0.00358,152904
0.008226,152914
0.011584,152924
0.011192,152934
0.007695,152944
0.007116,152954
0.010844,152964
0.015116,152974
0.01444,152984
0.008877,152994
0.004949,153004
0.00801,153014
0.01287,153024
0.013832,153034
0.008191,153044
0.002279,153054
0.002463,153064
0.007897,153074
0.012084,153084
0.00949,153094
0.002595,153104
0.000956,153114
0.005708,153124
0.012017,153134
0.01248,153144
0.006468,153154
0.002503,153164
0.006578,153174
0.01348,153184
0.016954,153194
0.012563,153204
0.007194,153214
0.00764,153224
0.013075,153234
0.017237,153244
0.015622,153254
0.009718,153264
0.007094,153274
0.009124,153284
0.014616,153294
0.016431,153304
0.01303,153314
0.007383,153324
0.008376,153334
0.012975,153344
0.016313,153354
0.014243,153364
0.009783,153374
0.008872,153384
0.013055,153394
0.018948,153404
0.022017,153414
0.02096,153424
0.020309,153434
0.024053,153444
0.03036,153454
0.033768,153464
0.032315,153474
0.028346,153484
0.027337,153494
0.029843,153504
0.031242,153514
0.026578,153524
0.019031,153534
0.014839,153544
0.013001,153554
0.010692,153564
0.004122,153574
-0.003114,153584
-0.007069,153594
-0.008027,153604
-0.008035,153614
-0.012072,153624
-0.016645,153634
-0.017277,153644
-0.012599,153654
-0.008839,153664
-0.009811,153674
-0.012571,153684
-0.010881,153694
-0.003448,153704
0.004053,153714
0.00608,153724
0.002951,153734
0.002791,153744
0.008442,153754
0.014565,153764
0.012585,153774
0.006995,153784
0.005884,153794
0.007924,153804
0.008774,153814
0.004545,153824
-0.002205,153834
-0.005331,153844
-0.00302,153854
-0.001776,153864
-0.005485,153874
-0.010864,153884
-0.011668,153894
-0.0078,153904
-0.005025,153914
-0.006632,153924
-0.0105,153934
-0.01016,153944
-0.005213,153954
-0.002454,153964
-0.003383,153974
-0.004332,153984
-0.001808,153994
0.002372,154004
0.002994,154014
-6.9e-05,154024
-0.000618,154034
0.002843,154044
0.006445,154054
0.005235,154064
0.000651,154074
-0.001142,154084
0.001769,154094
0.004921,154104
0.002439,154114
-0.003324,154124
-0.004481,154134
-0.000519,154144
0.002377,154154
0.000241,154164
-0.004464,154174
-0.00571,154184
-0.002246,154194
0.001552,154204
0.001155,154214
-0.003204,154224
-0.004236,154234
-0.000434,154244
0.004322,154254
0.006002,154264
0.001446,154274
-0.000545,154284
0.002889,154294
0.00759,154304
0.008602,154314
0.00413,154324
0.00087,154334
0.002785,154344
0.006731,154354
0.007356,154364
0.001231,154374
-0.004065,154384
-0.002177,154394
0.003542,154404
0.00602,154414
-0.000451,154424
-0.006402,154434
-0.004194,154444
0.002406,154454
0.00603,154464
0.002878,154474
-0.001581,154484
-0.000607,154494
0.004456,154504
0.008924,154514
0.006639,154524
0.000476,154534
-0.000295,154544
0.004722,154554
0.008914,154564
0.005905,154574
0.001361,154584
0.001762,154594
0.006509,154604
0.009537,154614
0.006361,154624
0.00217,154634
0.001537,154644
0.003108,154654
0.004069,154664
0.001423,154674
-0.003261,154684
-0.005131,154694
-0.001694,154704
0.001085,154714
-0.002206,154724
-0.008152,154734
-0.009445,154744
-0.003729,154754
0.001303,154764
-0.002324,154774
-0.00747,154784
-0.005474,154794
0.000368,154804
0.003814,154814
0.000631,154824
-0.003633,154834
-0.001804,154844
0.003786,154854
0.007295,154864
0.004336,154874
-0.000796,154884
-0.000334,154894
0.004957,154904
0.008427,154914
0.00514,154924
0.001013,154934
-0.000367,154944
0.002437,154954
0.005622,154964
0.005508,154974
0.005696,154984
0.005766,154994
0.006553,155004
0.007863,155014
0.009278,155024
0.010402,155034
0.011261,155044
0.011708,155054
0.011831,155064
0.012233,155074
0.013324,155084
0.015034,155094
0.017023,155104
0.018897,155114
0.020804,155124
0.022959,155134
0.02555,155144
0.028707,155154
0.032057,155164
0.035525,155174
0.039319,155184
0.043223,155194
0.047617,155204
0.052098,155214
0.05639,155224
0.060497,155234
0.064755,155244
0.0691,155254
0.073388,155264
0.077441,155274
0.081376,155284
0.085291,155294
0.089274,155304
0.093634,155314
0.098575,155324
0.104234,155334
0.11042,155344
0.117309,155354
0.125261,155364
0.133756,155374
0.143001,155384
0.152539,155394
0.162052,155404
0.172349,155414
0.18363,155424
0.196089,155434
0.208876,155444
0.221587,155454
0.23483,155464
0.24921,155474
0.263923,155484
0.279162,155494
0.295165,155504
0.3115,155514
0.328585,155524
0.345494,155534
0.363216,155544
0.38178,155554
0.400265,155564
0.419208,155574
0.439232,155584
0.46111,155594
0.477362,155604
0.485743,155614
0.494738,155624
0.505063,155634
0.519488,155644
0.534693,155654
0.550748,155664
0.566549,155674
0.581414,155684
0.596156,155694
0.609603,155704
0.623765,155714
0.637234,155724
0.650089,155734
0.66326,155744
0.676744,155754
0.690531,155764
0.705634,155774
0.719364,155784
0.732805,155794
0.746113,155804
0.759666,155814
0.773122,155824
0.78624,155834
0.799688,155844
0.813369,155854
0.827272,155864
0.841167,155874
0.854847,155884
0.868459,155894
0.881824,155904
0.894738,155914
0.907572,155924
0.919946,155934
0.931985,155944
0.943403,155954
0.954437,155964
0.965034,155974
0.975575,155984
0.986308,155994
0.997024,156004
1.007771,156014
1.018604,156024
1.029618,156034
1.040905,156044
1.052682,156054
1.064386,156064
1.076485,156074
1.089179,156084
1.102184,156094
1.115313,156104
1.128388,156114
1.141291,156124
1.154289,156134
1.167941,156144
1.182146,156154
1.196949,156164
1.212116,156174
1.227061,156184
1.241744,156194
1.25623,156204
1.270372,156214
1.28401,156224
1.297403,156234
1.31046,156244
1.323082,156254
1.335687,156264
1.348549,156274
1.361201,156284
1.374177,156294
1.386991,156304
1.39986,156314
1.396315,156324
1.389993,156334
1.381668,156344
1.375904,156354
1.374201,156364
1.377252,156374
1.381117,156384
1.380112,156394
1.376776,156404
1.37792,156414
1.378343,156424
1.374341,156434
1.376948,156444
1.374536,156454
1.375842,156464
1.376139,156474
1.376252,156484
1.377716,156494
1.3772,156504
1.378048,156514
1.377906,156524
1.378315,156534
1.378061,156544
1.378022,156554
1.378592,156564
1.378531,156574
1.378898,156584
1.379167,156594
1.37949,156604
1.379751,156614
1.379996,156624
1.380521,156634
1.380615,156644
1.380945,156654
1.381406,156664
1.381706,156674
1.382028,156684
1.382341,156694
1.382803,156704
1.382998,156714
1.383453,156724
1.383761,156734
1.384171,156744
1.384527,156754
1.384913,156764
1.38538,156774
1.385667,156784
1.385962,156794
1.386303,156804
1.386676,156814
1.38701,156824
1.387313,156834
1.38764,156844
1.387928,156854
1.388201,156864
1.388518,156874
1.388753,156884
1.389001,156894
1.389308,156904
1.389592,156914
1.389896,156924
1.390217,156934
1.390479,156944
1.390704,156954
1.390894,156964
1.39108,156974
1.391283,156984
1.391479,156994
1.391738,157004
1.391968,157014
1.39213,157024
1.392325,157034
1.392459,157044
1.392635,157054
1.392753,157064
1.392894,157074
1.393027,157084
1.393112,157094
1.393247,157104
1.39329,157114
1.393325,157124
1.393394,157134
1.393447,157144
1.39351,157154
1.393625,157164
1.393771,157174
1.393838,157184
1.394031,157194
1.394166,157204
1.394371,157214
1.394487,157224
1.394668,157234
